slug,startDate,endDate,p_up,p_down
btc-updown-5m-1777766400,2026-05-02T00:09:18.006875Z,2026-05-03T00:05:00Z,1,0
btc-updown-5m-1777766700,2026-05-02T00:16:07.703427Z,2026-05-03T00:10:00Z,0,1
btc-updown-5m-1777767000,2026-05-02T00:18:38.418282Z,2026-05-03T00:15:00Z,0,1
btc-updown-5m-1777767300,2026-05-02T00:23:53.983605Z,2026-05-03T00:20:00Z,1,0
btc-updown-5m-1777767600,2026-05-02T00:28:39.434744Z,2026-05-03T00:25:00Z,1,0
btc-updown-5m-1777767900,2026-05-02T00:34:09.713598Z,2026-05-03T00:30:00Z,1,0
btc-updown-5m-1777768200,2026-05-02T00:38:41.164999Z,2026-05-03T00:35:00Z,1,0
btc-updown-5m-1777768500,2026-05-02T00:43:38.228084Z,2026-05-03T00:40:00Z,1,0
btc-updown-5m-1777768800,2026-05-02T00:49:10.226718Z,2026-05-03T00:45:00Z,0,1
btc-updown-5m-1777769100,2026-05-02T00:54:08.091213Z,2026-05-03T00:50:00Z,0,1
btc-updown-5m-1777769400,2026-05-02T00:58:36.682851Z,2026-05-03T00:55:00Z,0,1
btc-updown-5m-1777769700,2026-05-02T01:03:33.490781Z,2026-05-03T01:00:00Z,1,0
btc-updown-5m-1777770000,2026-05-02T01:08:37.430655Z,2026-05-03T01:05:00Z,0,1
btc-updown-5m-1777770300,2026-05-02T01:13:41.511183Z,2026-05-03T01:10:00Z,0,1
btc-updown-5m-1777770600,2026-05-02T01:19:07.813598Z,2026-05-03T01:15:00Z,1,0
btc-updown-5m-1777770900,2026-05-02T01:24:11.528863Z,2026-05-03T01:20:00Z,0,1
btc-updown-5m-1777771200,2026-05-02T01:29:12.325225Z,2026-05-03T01:25:00Z,0,1
btc-updown-5m-1777771500,2026-05-02T01:34:09.273114Z,2026-05-03T01:30:00Z,1,0
btc-updown-5m-1777771800,2026-05-02T01:38:36.115217Z,2026-05-03T01:35:00Z,0,1
btc-updown-5m-1777772100,2026-05-02T01:43:21.391839Z,2026-05-03T01:40:00Z,0,1
btc-updown-5m-1777772400,2026-05-02T01:48:34.385347Z,2026-05-03T01:45:00Z,1,0
btc-updown-5m-1777772700,2026-05-02T01:53:34.707601Z,2026-05-03T01:50:00Z,1,0
btc-updown-5m-1777773000,2026-05-02T01:58:38.262407Z,2026-05-03T01:55:00Z,0,1
btc-updown-5m-1777773300,2026-05-02T02:03:37.126298Z,2026-05-03T02:00:00Z,0,1
btc-updown-5m-1777773600,2026-05-02T02:08:33.794568Z,2026-05-03T02:05:00Z,1,0
btc-updown-5m-1777773900,2026-05-02T02:14:05.765333Z,2026-05-03T02:10:00Z,1,0
btc-updown-5m-1777774200,2026-05-02T02:18:22.211868Z,2026-05-03T02:15:00Z,0,1
btc-updown-5m-1777774500,2026-05-02T02:23:43.82067Z,2026-05-03T02:20:00Z,0,1
btc-updown-5m-1777774800,2026-05-02T02:29:13.528794Z,2026-05-03T02:25:00Z,1,0
btc-updown-5m-1777775100,2026-05-02T02:33:20.957611Z,2026-05-03T02:30:00Z,0,1
btc-updown-5m-1777775400,2026-05-02T02:38:41.580359Z,2026-05-03T02:35:00Z,1,0
btc-updown-5m-1777775700,2026-05-02T02:44:05.040942Z,2026-05-03T02:40:00Z,0,1
btc-updown-5m-1777776000,2026-05-02T02:48:37.446642Z,2026-05-03T02:45:00Z,0,1
btc-updown-5m-1777776300,2026-05-02T02:53:33.995138Z,2026-05-03T02:50:00Z,1,0
btc-updown-5m-1777776600,2026-05-02T02:58:45.553571Z,2026-05-03T02:55:00Z,1,0
btc-updown-5m-1777776900,2026-05-02T03:04:51.314518Z,2026-05-03T03:00:00Z,0,1
btc-updown-5m-1777777200,2026-05-02T03:08:44.191105Z,2026-05-03T03:05:00Z,0,1
btc-updown-5m-1777777500,2026-05-02T03:13:33.657734Z,2026-05-03T03:10:00Z,1,0
btc-updown-5m-1777777800,2026-05-02T03:18:16.617112Z,2026-05-03T03:15:00Z,0,1
btc-updown-5m-1777778100,2026-05-02T03:23:52.422644Z,2026-05-03T03:20:00Z,0,1
btc-updown-5m-1777778400,2026-05-02T03:28:03.517692Z,2026-05-03T03:25:00Z,0,1
btc-updown-5m-1777778700,2026-05-02T03:34:11.642952Z,2026-05-03T03:30:00Z,0,1
btc-updown-5m-1777779000,2026-05-02T03:38:37.444882Z,2026-05-03T03:35:00Z,1,0
btc-updown-5m-1777779300,2026-05-02T03:43:41.616262Z,2026-05-03T03:40:00Z,1,0
btc-updown-5m-1777779600,2026-05-02T03:49:10.024818Z,2026-05-03T03:45:00Z,0,1
btc-updown-5m-1777779900,2026-05-02T03:54:15.891895Z,2026-05-03T03:50:00Z,1,0
btc-updown-5m-1777780200,2026-05-02T03:59:08.262002Z,2026-05-03T03:55:00Z,1,0
btc-updown-5m-1777780500,2026-05-02T04:04:58.169937Z,2026-05-03T04:00:00Z,0,1
btc-updown-5m-1777780800,2026-05-02T04:08:21.058913Z,2026-05-03T04:05:00Z,0,1
btc-updown-5m-1777781100,2026-05-02T04:13:39.524622Z,2026-05-03T04:10:00Z,0,1
btc-updown-5m-1777781400,2026-05-02T04:18:50.024325Z,2026-05-03T04:15:00Z,1,0
btc-updown-5m-1777781700,2026-05-02T04:23:13.71985Z,2026-05-03T04:20:00Z,1,0
btc-updown-5m-1777782000,2026-05-02T04:28:35.933332Z,2026-05-03T04:25:00Z,1,0
btc-updown-5m-1777782300,2026-05-02T04:33:51.239104Z,2026-05-03T04:30:00Z,1,0
btc-updown-5m-1777782600,2026-05-02T04:38:47.739764Z,2026-05-03T04:35:00Z,0,1
btc-updown-5m-1777782900,2026-05-02T04:43:41.071912Z,2026-05-03T04:40:00Z,1,0
btc-updown-5m-1777783200,2026-05-02T04:48:35.274558Z,2026-05-03T04:45:00Z,0,1
btc-updown-5m-1777783500,2026-05-02T04:53:09.382058Z,2026-05-03T04:50:00Z,0,1
btc-updown-5m-1777783800,2026-05-02T04:58:18.166602Z,2026-05-03T04:55:00Z,1,0
btc-updown-5m-1777784100,2026-05-02T05:03:36.755563Z,2026-05-03T05:00:00Z,0,1
btc-updown-5m-1777784400,2026-05-02T05:08:25.027347Z,2026-05-03T05:05:00Z,1,0
btc-updown-5m-1777784700,2026-05-02T05:13:34.156086Z,2026-05-03T05:10:00Z,1,0
btc-updown-5m-1777785000,2026-05-02T05:19:12.277029Z,2026-05-03T05:15:00Z,0,1
btc-updown-5m-1777785300,2026-05-02T05:23:38.189234Z,2026-05-03T05:20:00Z,0,1
btc-updown-5m-1777785600,2026-05-02T05:29:14.11294Z,2026-05-03T05:25:00Z,1,0
btc-updown-5m-1777785900,2026-05-02T05:34:13.263059Z,2026-05-03T05:30:00Z,0,1
btc-updown-5m-1777786200,2026-05-02T05:38:49.637158Z,2026-05-03T05:35:00Z,1,0
btc-updown-5m-1777786500,2026-05-02T05:43:37.291713Z,2026-05-03T05:40:00Z,0,1
btc-updown-5m-1777786800,2026-05-02T05:49:07.570404Z,2026-05-03T05:45:00Z,0,1
btc-updown-5m-1777787100,2026-05-02T05:53:09.411933Z,2026-05-03T05:50:00Z,1,0
btc-updown-5m-1777787400,2026-05-02T05:58:07.908535Z,2026-05-03T05:55:00Z,1,0
btc-updown-5m-1777787700,2026-05-02T06:03:34.779239Z,2026-05-03T06:00:00Z,1,0
btc-updown-5m-1777788000,2026-05-02T06:09:14.843058Z,2026-05-03T06:05:00Z,0,1
btc-updown-5m-1777788300,2026-05-02T06:13:19.365405Z,2026-05-03T06:10:00Z,0,1
btc-updown-5m-1777788600,2026-05-02T06:18:35.801555Z,2026-05-03T06:15:00Z,0,1
btc-updown-5m-1777788900,2026-05-02T06:24:31.57855Z,2026-05-03T06:20:00Z,0,1
btc-updown-5m-1777789200,2026-05-02T06:28:46.406836Z,2026-05-03T06:25:00Z,0,1
btc-updown-5m-1777789500,2026-05-02T06:33:05.905063Z,2026-05-03T06:30:00Z,0,1
btc-updown-5m-1777789800,2026-05-02T06:38:47.504362Z,2026-05-03T06:35:00Z,1,0
btc-updown-5m-1777790100,2026-05-02T06:43:53.016688Z,2026-05-03T06:40:00Z,0,1
btc-updown-5m-1777790400,2026-05-02T06:48:05.426475Z,2026-05-03T06:45:00Z,0,1
btc-updown-5m-1777790700,2026-05-02T06:53:35.775867Z,2026-05-03T06:50:00Z,1,0
btc-updown-5m-1777791000,2026-05-02T06:58:01.879281Z,2026-05-03T06:55:00Z,1,0
btc-updown-5m-1777791300,2026-05-02T07:03:38.080371Z,2026-05-03T07:00:00Z,0,1
btc-updown-5m-1777791600,2026-05-02T07:08:01.607924Z,2026-05-03T07:05:00Z,1,0
btc-updown-5m-1777791900,2026-05-02T07:13:13.031852Z,2026-05-03T07:10:00Z,1,0
btc-updown-5m-1777792200,2026-05-02T07:18:33.807606Z,2026-05-03T07:15:00Z,0,1
btc-updown-5m-1777792500,2026-05-02T07:23:43.4531Z,2026-05-03T07:20:00Z,0,1
btc-updown-5m-1777792800,2026-05-02T07:28:11.833555Z,2026-05-03T07:25:00Z,1,0
btc-updown-5m-1777793100,2026-05-02T07:33:02.296061Z,2026-05-03T07:30:00Z,1,0
btc-updown-5m-1777793400,2026-05-02T07:38:03.287767Z,2026-05-03T07:35:00Z,0,1
btc-updown-5m-1777793700,2026-05-02T07:43:37.25272Z,2026-05-03T07:40:00Z,1,0
btc-updown-5m-1777794000,2026-05-02T07:49:15.873755Z,2026-05-03T07:45:00Z,0,1
btc-updown-5m-1777794300,2026-05-02T07:54:05.550116Z,2026-05-03T07:50:00Z,1,0
btc-updown-5m-1777794600,2026-05-02T07:58:02.269638Z,2026-05-03T07:55:00Z,0,1
btc-updown-5m-1777794900,2026-05-02T08:03:39.960319Z,2026-05-03T08:00:00Z,0,1
btc-updown-5m-1777795200,2026-05-02T08:08:20.947135Z,2026-05-03T08:05:00Z,1,0
btc-updown-5m-1777795500,2026-05-02T08:13:36.139485Z,2026-05-03T08:10:00Z,1,0
btc-updown-5m-1777795800,2026-05-02T08:19:05.537111Z,2026-05-03T08:15:00Z,0,1
btc-updown-5m-1777796100,2026-05-02T08:23:40.470777Z,2026-05-03T08:20:00Z,1,0
btc-updown-5m-1777796400,2026-05-02T08:28:13.773831Z,2026-05-03T08:25:00Z,0,1
btc-updown-5m-1777796700,2026-05-02T08:34:05.857357Z,2026-05-03T08:30:00Z,0,1
btc-updown-5m-1777797000,2026-05-02T08:38:20.181001Z,2026-05-03T08:35:00Z,0,1
btc-updown-5m-1777797300,2026-05-02T08:43:36.143467Z,2026-05-03T08:40:00Z,1,0
btc-updown-5m-1777797600,2026-05-02T08:49:05.938741Z,2026-05-03T08:45:00Z,1,0
btc-updown-5m-1777797900,2026-05-02T08:53:25.494539Z,2026-05-03T08:50:00Z,0,1
btc-updown-5m-1777798200,2026-05-02T08:59:05.907429Z,2026-05-03T08:55:00Z,0,1
btc-updown-5m-1777798500,2026-05-02T09:04:22.190146Z,2026-05-03T09:00:00Z,0,1
btc-updown-5m-1777798800,2026-05-02T09:12:07.069165Z,2026-05-03T09:05:00Z,0,1
btc-updown-5m-1777799100,2026-05-02T09:16:23.078086Z,2026-05-03T09:10:00Z,1,0
btc-updown-5m-1777799400,2026-05-02T09:18:36.209346Z,2026-05-03T09:15:00Z,0,1
btc-updown-5m-1777799700,2026-05-02T09:23:31.832667Z,2026-05-03T09:20:00Z,1,0
btc-updown-5m-1777800000,2026-05-02T09:29:07.940759Z,2026-05-03T09:25:00Z,1,0
btc-updown-5m-1777800300,2026-05-02T09:33:44.410077Z,2026-05-03T09:30:00Z,1,0
btc-updown-5m-1777800600,2026-05-02T09:38:17.267651Z,2026-05-03T09:35:00Z,1,0
btc-updown-5m-1777800900,2026-05-02T09:48:15.096326Z,2026-05-03T09:40:00Z,1,0
btc-updown-5m-1777801200,2026-05-02T09:54:55.69541Z,2026-05-03T09:45:00Z,0,1
btc-updown-5m-1777801500,2026-05-02T09:56:12.24369Z,2026-05-03T09:50:00Z,1,0
btc-updown-5m-1777801800,2026-05-02T09:58:32.501053Z,2026-05-03T09:55:00Z,1,0
btc-updown-5m-1777802100,2026-05-02T10:03:50.072131Z,2026-05-03T10:00:00Z,1,0
btc-updown-5m-1777802400,2026-05-02T10:09:14.815973Z,2026-05-03T10:05:00Z,0,1
btc-updown-5m-1777802700,2026-05-02T10:14:03.414569Z,2026-05-03T10:10:00Z,1,0
btc-updown-5m-1777803000,2026-05-02T10:18:33.859588Z,2026-05-03T10:15:00Z,1,0
btc-updown-5m-1777803300,2026-05-02T10:23:31.865269Z,2026-05-03T10:20:00Z,0,1
btc-updown-5m-1777803600,2026-05-02T10:29:09.248806Z,2026-05-03T10:25:00Z,0,1
btc-updown-5m-1777803900,2026-05-02T10:33:33.72267Z,2026-05-03T10:30:00Z,0,1
btc-updown-5m-1777804200,2026-05-02T10:39:13.493952Z,2026-05-03T10:35:00Z,1,0
btc-updown-5m-1777804500,2026-05-02T10:43:21.317414Z,2026-05-03T10:40:00Z,0,1
btc-updown-5m-1777804800,2026-05-02T10:48:44.466336Z,2026-05-03T10:45:00Z,0,1
btc-updown-5m-1777805100,2026-05-02T10:55:26.682923Z,2026-05-03T10:50:00Z,0,1
btc-updown-5m-1777805400,2026-05-02T10:58:05.301771Z,2026-05-03T10:55:00Z,1,0
btc-updown-5m-1777805700,2026-05-02T11:03:41.670922Z,2026-05-03T11:00:00Z,0,1
btc-updown-5m-1777806000,2026-05-02T11:08:13.282585Z,2026-05-03T11:05:00Z,0,1
btc-updown-5m-1777806300,2026-05-02T11:13:09.483288Z,2026-05-03T11:10:00Z,1,0
btc-updown-5m-1777806600,2026-05-02T11:18:17.846865Z,2026-05-03T11:15:00Z,1,0
btc-updown-5m-1777806900,2026-05-02T11:23:44.821013Z,2026-05-03T11:20:00Z,0,1
btc-updown-5m-1777807200,2026-05-02T11:29:17.392345Z,2026-05-03T11:25:00Z,0,1
btc-updown-5m-1777807500,2026-05-02T11:33:39.283318Z,2026-05-03T11:30:00Z,1,0
btc-updown-5m-1777807800,2026-05-02T11:38:33.309121Z,2026-05-03T11:35:00Z,1,0
btc-updown-5m-1777808100,2026-05-02T11:43:47.482539Z,2026-05-03T11:40:00Z,0,1
btc-updown-5m-1777808400,2026-05-02T11:49:17.838718Z,2026-05-03T11:45:00Z,1,0
btc-updown-5m-1777808700,2026-05-02T11:53:44.264121Z,2026-05-03T11:50:00Z,1,0
btc-updown-5m-1777809000,2026-05-02T11:58:39.865867Z,2026-05-03T11:55:00Z,0,1
btc-updown-5m-1777809300,2026-05-02T12:05:15.888959Z,2026-05-03T12:00:00Z,0,1
btc-updown-5m-1777809600,2026-05-02T12:08:29.794491Z,2026-05-03T12:05:00Z,1,0
btc-updown-5m-1777809900,2026-05-02T12:13:42.003507Z,2026-05-03T12:10:00Z,1,0
btc-updown-5m-1777810200,2026-05-02T12:19:10.039661Z,2026-05-03T12:15:00Z,1,0
btc-updown-5m-1777810500,2026-05-02T12:24:10.112729Z,2026-05-03T12:20:00Z,0,1
btc-updown-5m-1777810800,2026-05-02T12:28:08.972508Z,2026-05-03T12:25:00Z,1,0
btc-updown-5m-1777811100,2026-05-02T12:33:23.02794Z,2026-05-03T12:30:00Z,0,1
btc-updown-5m-1777811400,2026-05-02T12:39:05.697223Z,2026-05-03T12:35:00Z,0,1
btc-updown-5m-1777811700,2026-05-02T12:43:45.911522Z,2026-05-03T12:40:00Z,1,0
btc-updown-5m-1777812000,2026-05-02T12:48:39.962041Z,2026-05-03T12:45:00Z,1,0
btc-updown-5m-1777812300,2026-05-02T12:53:25.855519Z,2026-05-03T12:50:00Z,0,1
btc-updown-5m-1777812600,2026-05-02T12:59:13.4329Z,2026-05-03T12:55:00Z,0,1
btc-updown-5m-1777812900,2026-05-02T13:04:20.045827Z,2026-05-03T13:00:00Z,0,1
btc-updown-5m-1777813200,2026-05-02T13:09:21.556964Z,2026-05-03T13:05:00Z,0,1
btc-updown-5m-1777813500,2026-05-02T13:14:22.211584Z,2026-05-03T13:10:00Z,1,0
btc-updown-5m-1777813800,2026-05-02T13:19:08.099654Z,2026-05-03T13:15:00Z,1,0
btc-updown-5m-1777814100,2026-05-02T13:25:26.2958Z,2026-05-03T13:20:00Z,0,1
btc-updown-5m-1777814400,2026-05-02T13:28:34.359433Z,2026-05-03T13:25:00Z,1,0
btc-updown-5m-1777814700,2026-05-02T13:34:13.450173Z,2026-05-03T13:30:00Z,0,1
btc-updown-5m-1777815000,2026-05-02T13:38:52.11055Z,2026-05-03T13:35:00Z,1,0
btc-updown-5m-1777815300,2026-05-02T13:44:17.477872Z,2026-05-03T13:40:00Z,1,0
btc-updown-5m-1777815600,2026-05-02T13:48:36.081856Z,2026-05-03T13:45:00Z,0,1
btc-updown-5m-1777815900,2026-05-02T13:53:36.998112Z,2026-05-03T13:50:00Z,0,1
btc-updown-5m-1777816200,2026-05-02T13:58:33.290053Z,2026-05-03T13:55:00Z,1,0
btc-updown-5m-1777816500,2026-05-02T14:04:10.487779Z,2026-05-03T14:00:00Z,1,0
btc-updown-5m-1777816800,2026-05-02T14:09:12.263939Z,2026-05-03T14:05:00Z,1,0
btc-updown-5m-1777817100,2026-05-02T14:14:14.032927Z,2026-05-03T14:10:00Z,1,0
btc-updown-5m-1777817400,2026-05-02T14:19:04.606369Z,2026-05-03T14:15:00Z,0,1
btc-updown-5m-1777817700,2026-05-02T14:23:37.005273Z,2026-05-03T14:20:00Z,0,1
btc-updown-5m-1777818000,2026-05-02T14:28:35.318694Z,2026-05-03T14:25:00Z,0,1
btc-updown-5m-1777818300,2026-05-02T14:34:13.662582Z,2026-05-03T14:30:00Z,1,0
btc-updown-5m-1777818600,2026-05-02T14:38:38.152024Z,2026-05-03T14:35:00Z,1,0
btc-updown-5m-1777818900,2026-05-02T14:43:26.574741Z,2026-05-03T14:40:00Z,0,1
btc-updown-5m-1777819200,2026-05-02T14:49:08.480284Z,2026-05-03T14:45:00Z,1,0
btc-updown-5m-1777819500,2026-05-02T14:53:48.37927Z,2026-05-03T14:50:00Z,0,1
btc-updown-5m-1777819800,2026-05-02T14:58:37.896961Z,2026-05-03T14:55:00Z,1,0
btc-updown-5m-1777820100,2026-05-02T15:04:05.02755Z,2026-05-03T15:00:00Z,0,1
btc-updown-5m-1777820400,2026-05-02T15:09:10.053894Z,2026-05-03T15:05:00Z,1,0
btc-updown-5m-1777820700,2026-05-02T15:14:12.188603Z,2026-05-03T15:10:00Z,0,1
btc-updown-5m-1777821000,2026-05-02T15:18:35.61114Z,2026-05-03T15:15:00Z,0,1
btc-updown-5m-1777821300,2026-05-02T15:25:20.16545Z,2026-05-03T15:20:00Z,1,0
btc-updown-5m-1777821600,2026-05-02T15:28:37.71306Z,2026-05-03T15:25:00Z,0,1
btc-updown-5m-1777821900,2026-05-02T15:34:35.112859Z,2026-05-03T15:30:00Z,1,0
btc-updown-5m-1777822200,2026-05-02T15:39:20.303621Z,2026-05-03T15:35:00Z,0,1
btc-updown-5m-1777822500,2026-05-02T15:44:50.12652Z,2026-05-03T15:40:00Z,0,1
btc-updown-5m-1777822800,2026-05-02T15:49:10.3539Z,2026-05-03T15:45:00Z,1,0
btc-updown-5m-1777823100,2026-05-02T15:53:51.391465Z,2026-05-03T15:50:00Z,0,1
btc-updown-5m-1777823400,2026-05-02T15:59:09.690304Z,2026-05-03T15:55:00Z,0,1
btc-updown-5m-1777823700,2026-05-02T16:06:55.555082Z,2026-05-03T16:00:00Z,1,0
btc-updown-5m-1777824000,2026-05-02T16:08:51.274728Z,2026-05-03T16:05:00Z,1,0
btc-updown-5m-1777824300,2026-05-02T16:15:10.042185Z,2026-05-03T16:10:00Z,0,1
btc-updown-5m-1777824600,2026-05-02T16:18:40.004188Z,2026-05-03T16:15:00Z,0,1
btc-updown-5m-1777824900,2026-05-02T16:24:04.52951Z,2026-05-03T16:20:00Z,0,1
btc-updown-5m-1777825200,2026-05-02T16:28:38.061868Z,2026-05-03T16:25:00Z,1,0
btc-updown-5m-1777825500,2026-05-02T16:34:09.685269Z,2026-05-03T16:30:00Z,1,0
btc-updown-5m-1777825800,2026-05-02T16:38:55.314546Z,2026-05-03T16:35:00Z,1,0
btc-updown-5m-1777826100,2026-05-02T16:44:10.266904Z,2026-05-03T16:40:00Z,1,0
btc-updown-5m-1777826400,2026-05-02T16:49:27.835256Z,2026-05-03T16:45:00Z,0,1
btc-updown-5m-1777826700,2026-05-02T16:53:21.324707Z,2026-05-03T16:50:00Z,0,1
btc-updown-5m-1777827000,2026-05-02T16:59:07.239619Z,2026-05-03T16:55:00Z,0,1
btc-updown-5m-1777827300,2026-05-02T17:05:25.646781Z,2026-05-03T17:00:00Z,0,1
btc-updown-5m-1777827600,2026-05-02T17:11:35.38232Z,2026-05-03T17:05:00Z,0,1
btc-updown-5m-1777827900,2026-05-02T17:14:23.80565Z,2026-05-03T17:10:00Z,1,0
btc-updown-5m-1777828200,2026-05-02T17:19:08.265719Z,2026-05-03T17:15:00Z,1,0
btc-updown-5m-1777828500,2026-05-02T17:23:33.185936Z,2026-05-03T17:20:00Z,1,0
btc-updown-5m-1777828800,2026-05-02T17:29:05.017274Z,2026-05-03T17:25:00Z,1,0
btc-updown-5m-1777829100,2026-05-02T17:34:07.106365Z,2026-05-03T17:30:00Z,0,1
btc-updown-5m-1777829400,2026-05-02T17:38:19.824153Z,2026-05-03T17:35:00Z,1,0
btc-updown-5m-1777829700,2026-05-02T17:44:05.283515Z,2026-05-03T17:40:00Z,1,0
btc-updown-5m-1777830000,2026-05-02T17:50:12.387118Z,2026-05-03T17:45:00Z,1,0
btc-updown-5m-1777830300,2026-05-02T17:53:18.578454Z,2026-05-03T17:50:00Z,0,1
btc-updown-5m-1777830600,2026-05-02T17:58:39.510442Z,2026-05-03T17:55:00Z,0,1
btc-updown-5m-1777830900,2026-05-02T18:05:14.664442Z,2026-05-03T18:00:00Z,0,1
btc-updown-5m-1777831200,2026-05-02T18:09:23.286786Z,2026-05-03T18:05:00Z,0,1
btc-updown-5m-1777831500,2026-05-02T18:14:07.959972Z,2026-05-03T18:10:00Z,1,0
btc-updown-5m-1777831800,2026-05-02T18:19:07.707198Z,2026-05-03T18:15:00Z,0,1
btc-updown-5m-1777832100,2026-05-02T18:23:44.170364Z,2026-05-03T18:20:00Z,1,0
btc-updown-5m-1777832400,2026-05-02T18:30:10.09764Z,2026-05-03T18:25:00Z,1,0
btc-updown-5m-1777832700,2026-05-02T18:34:09.155269Z,2026-05-03T18:30:00Z,1,0
btc-updown-5m-1777833000,2026-05-02T18:39:09.613757Z,2026-05-03T18:35:00Z,0,1
btc-updown-5m-1777833300,2026-05-02T18:46:55.50345Z,2026-05-03T18:40:00Z,0,1
btc-updown-5m-1777833600,2026-05-02T18:57:38.934002Z,2026-05-03T18:45:00Z,0,1
btc-updown-5m-1777833900,2026-05-02T18:54:13.23528Z,2026-05-03T18:50:00Z,1,0
btc-updown-5m-1777834200,2026-05-02T18:58:30.841792Z,2026-05-03T18:55:00Z,1,0
btc-updown-5m-1777834500,2026-05-02T19:04:19.195834Z,2026-05-03T19:00:00Z,0,1
btc-updown-5m-1777834800,2026-05-02T19:09:16.099783Z,2026-05-03T19:05:00Z,0,1
btc-updown-5m-1777835100,2026-05-02T19:14:07.415514Z,2026-05-03T19:10:00Z,0,1
btc-updown-5m-1777835400,2026-05-02T19:19:12.164773Z,2026-05-03T19:15:00Z,0,1
btc-updown-5m-1777835700,2026-05-02T19:24:06.178051Z,2026-05-03T19:20:00Z,0,1
btc-updown-5m-1777836000,2026-05-02T19:29:17.412454Z,2026-05-03T19:25:00Z,0,1
btc-updown-5m-1777836300,2026-05-02T19:34:27.316293Z,2026-05-03T19:30:00Z,0,1
btc-updown-5m-1777836600,2026-05-02T19:39:18.13495Z,2026-05-03T19:35:00Z,1,0
btc-updown-5m-1777836900,2026-05-02T19:44:11.91739Z,2026-05-03T19:40:00Z,0,1
btc-updown-5m-1777837200,2026-05-02T19:50:16.284682Z,2026-05-03T19:45:00Z,1,0
btc-updown-5m-1777837500,2026-05-02T19:54:35.965474Z,2026-05-03T19:50:00Z,0,1
btc-updown-5m-1777837800,2026-05-02T19:58:38.926475Z,2026-05-03T19:55:00Z,0,1
btc-updown-5m-1777838100,2026-05-02T20:05:09.326645Z,2026-05-03T20:00:00Z,0,1
btc-updown-5m-1777838400,2026-05-02T20:08:43.212077Z,2026-05-03T20:05:00Z,0,1
btc-updown-5m-1777838700,2026-05-02T20:14:13.517845Z,2026-05-03T20:10:00Z,1,0
btc-updown-5m-1777839000,2026-05-02T20:19:09.507836Z,2026-05-03T20:15:00Z,0,1
btc-updown-5m-1777839300,2026-05-02T20:24:25.840581Z,2026-05-03T20:20:00Z,1,0
btc-updown-5m-1777839600,2026-05-02T20:29:08.861474Z,2026-05-03T20:25:00Z,1,0
btc-updown-5m-1777839900,2026-05-02T20:33:41.812483Z,2026-05-03T20:30:00Z,0,1
btc-updown-5m-1777840200,2026-05-02T20:38:33.90492Z,2026-05-03T20:35:00Z,1,0
btc-updown-5m-1777840500,2026-05-02T20:45:12.514321Z,2026-05-03T20:40:00Z,1,0
btc-updown-5m-1777840800,2026-05-02T20:49:57.990805Z,2026-05-03T20:45:00Z,0,1
btc-updown-5m-1777841100,2026-05-02T20:55:08.685446Z,2026-05-03T20:50:00Z,0,1
btc-updown-5m-1777841400,2026-05-02T20:59:09.543709Z,2026-05-03T20:55:00Z,1,0
btc-updown-5m-1777841700,2026-05-02T21:04:11.91835Z,2026-05-03T21:00:00Z,1,0
btc-updown-5m-1777842000,2026-05-02T21:09:07.290434Z,2026-05-03T21:05:00Z,0,1
btc-updown-5m-1777842300,2026-05-02T21:15:20.492673Z,2026-05-03T21:10:00Z,1,0
btc-updown-5m-1777842600,2026-05-02T21:19:13.550071Z,2026-05-03T21:15:00Z,1,0
btc-updown-5m-1777842900,2026-05-02T21:24:24.135309Z,2026-05-03T21:20:00Z,0,1
btc-updown-5m-1777843200,2026-05-02T21:29:10.477813Z,2026-05-03T21:25:00Z,0,1
btc-updown-5m-1777843500,2026-05-02T21:33:15.819812Z,2026-05-03T21:30:00Z,0,1
btc-updown-5m-1777843800,2026-05-02T21:38:11.089489Z,2026-05-03T21:35:00Z,0,1
btc-updown-5m-1777844100,2026-05-02T21:44:29.229127Z,2026-05-03T21:40:00Z,0,1
btc-updown-5m-1777844400,2026-05-02T21:50:13.6849Z,2026-05-03T21:45:00Z,0,1
btc-updown-5m-1777844700,2026-05-02T21:53:15.733065Z,2026-05-03T21:50:00Z,0,1
btc-updown-5m-1777845000,2026-05-02T21:59:05.321616Z,2026-05-03T21:55:00Z,1,0
btc-updown-5m-1777845300,2026-05-02T22:04:07.154768Z,2026-05-03T22:00:00Z,1,0
btc-updown-5m-1777845600,2026-05-02T22:08:43.791046Z,2026-05-03T22:05:00Z,1,0
btc-updown-5m-1777845900,2026-05-02T22:13:39.570501Z,2026-05-03T22:10:00Z,0,1
btc-updown-5m-1777846200,2026-05-02T22:19:09.674107Z,2026-05-03T22:15:00Z,1,0
btc-updown-5m-1777846500,2026-05-02T22:23:35.555846Z,2026-05-03T22:20:00Z,0,1
btc-updown-5m-1777846800,2026-05-02T22:28:40.080302Z,2026-05-03T22:25:00Z,0,1
btc-updown-5m-1777847100,2026-05-02T22:35:12.836414Z,2026-05-03T22:30:00Z,1,0
btc-updown-5m-1777847400,2026-05-02T22:38:47.444387Z,2026-05-03T22:35:00Z,1,0
btc-updown-5m-1777847700,2026-05-02T22:44:21.738641Z,2026-05-03T22:40:00Z,0,1
btc-updown-5m-1777848000,2026-05-02T22:49:13.511588Z,2026-05-03T22:45:00Z,1,0
btc-updown-5m-1777848300,2026-05-02T22:54:46.405572Z,2026-05-03T22:50:00Z,1,0
btc-updown-5m-1777848600,2026-05-02T22:58:31.950126Z,2026-05-03T22:55:00Z,0,1
btc-updown-5m-1777848900,2026-05-02T23:04:21.615848Z,2026-05-03T23:00:00Z,0,1
btc-updown-5m-1777849200,2026-05-02T23:08:35.898494Z,2026-05-03T23:05:00Z,1,0
btc-updown-5m-1777849500,2026-05-02T23:14:15.766979Z,2026-05-03T23:10:00Z,0,1
btc-updown-5m-1777849800,2026-05-02T23:19:11.839067Z,2026-05-03T23:15:00Z,0,1
btc-updown-5m-1777850100,2026-05-02T23:23:40.600857Z,2026-05-03T23:20:00Z,0,1
btc-updown-5m-1777850400,2026-05-02T23:28:31.460733Z,2026-05-03T23:25:00Z,0,1
btc-updown-5m-1777850700,2026-05-02T23:34:13.212586Z,2026-05-03T23:30:00Z,0,1
btc-updown-5m-1777851000,2026-05-02T23:38:11.128285Z,2026-05-03T23:35:00Z,0,1
btc-updown-5m-1777851300,2026-05-02T23:43:37.671418Z,2026-05-03T23:40:00Z,1,0
btc-updown-5m-1777851600,2026-05-02T23:49:13.53348Z,2026-05-03T23:45:00Z,0,1
btc-updown-5m-1777851900,2026-05-02T23:53:41.80049Z,2026-05-03T23:50:00Z,0,1
btc-updown-5m-1777852200,2026-05-02T23:59:07.326796Z,2026-05-03T23:55:00Z,1,0
btc-updown-5m-1777852500,2026-05-03T00:04:19.37316Z,2026-05-04T00:00:00Z,0,1
