date,slug,startDate,endDate,p_up,p_down,resolved,outcome
2026-01-02,spx-up-or-down-on-january-2-2026,2025-12-31T13:01:06.160002Z,2026-01-02T21:00:00Z,1.0,0.0,False,
2026-01-05,spx-up-or-down-on-january-5-2026,2026-01-02T13:01:07.473463Z,2026-01-05T21:00:00Z,1.0,0.0,False,
2026-01-06,spx-up-or-down-on-january-6-2026,2026-01-05T13:01:12.662022Z,2026-01-06T21:00:00Z,1.0,0.0,False,
2026-01-07,spx-up-or-down-on-january-7-2026,2026-01-06T13:01:12.734748Z,2026-01-07T21:00:00Z,0.0,1.0,False,
2026-01-08,spx-up-or-down-on-january-8-2026,2026-01-07T13:01:03.867669Z,2026-01-08T21:00:00Z,1.0,0.0,False,
2026-01-09,spx-up-or-down-on-january-9-2026,2026-01-08T13:01:01.08851Z,2026-01-09T21:00:00Z,1.0,0.0,False,
2026-01-12,spx-up-or-down-on-january-12-2026,2026-01-09T13:01:14.331037Z,2026-01-12T21:00:00Z,1.0,0.0,False,
2026-01-13,spx-up-or-down-on-january-13-2026,2026-01-12T13:01:03.878223Z,2026-01-13T21:00:00Z,0.0,1.0,False,
2026-01-14,spx-up-or-down-on-january-14-2026,2026-01-13T13:00:57.517983Z,2026-01-14T21:00:00Z,0.0,1.0,False,
2026-01-15,spx-up-or-down-on-january-15-2026,2026-01-14T13:01:12.846954Z,2026-01-15T21:00:00Z,1.0,0.0,False,
2026-01-16,spx-up-or-down-on-january-16-2026,2026-01-15T13:01:32.359626Z,2026-01-16T21:00:00Z,0.0,1.0,False,
2026-01-20,spx-up-or-down-on-january-20-2026,2026-01-16T13:01:45.298773Z,2026-01-20T21:00:00Z,0.0,1.0,False,
2026-01-21,spx-up-or-down-on-january-21-2026,2026-01-20T13:01:08.315209Z,2026-01-21T21:00:00Z,1.0,0.0,False,
2026-01-22,spx-up-or-down-on-january-22-2026,2026-01-21T13:01:17.846595Z,2026-01-22T21:00:00Z,1.0,0.0,False,
2026-01-23,spx-up-or-down-on-january-23-2026,2026-01-22T13:01:45.665478Z,2026-01-23T21:00:00Z,1.0,0.0,False,
2026-01-26,spx-up-or-down-on-january-26-2026,2026-01-23T13:01:26.643102Z,2026-01-26T21:00:00Z,1.0,0.0,False,
2026-01-27,spx-up-or-down-on-january-27-2026,2026-01-26T13:02:39.522703Z,2026-01-27T21:00:00Z,1.0,0.0,False,
2026-01-28,spx-up-or-down-on-january-28-2026,2026-01-27T13:02:47.304802Z,2026-01-28T21:00:00Z,0.0,1.0,False,
2026-01-29,spx-up-or-down-on-january-29-2026,2026-01-28T13:02:41.238076Z,2026-01-29T21:00:00Z,0.0,1.0,False,
2026-01-30,spx-up-or-down-on-january-30-2026,2026-01-29T13:03:00.775631Z,2026-01-30T21:00:00Z,0.0,1.0,False,
2026-02-02,spx-up-or-down-on-february-2-2026,2026-01-30T13:02:54.005476Z,2026-02-02T21:00:00Z,1.0,0.0,False,
2026-02-03,spx-up-or-down-on-february-3-2026,2026-02-02T13:02:52.605493Z,2026-02-03T21:00:00Z,0.0,1.0,False,
2026-02-04,spx-up-or-down-on-february-4-2026,2026-02-03T13:03:21.910765Z,2026-02-04T21:00:00Z,0.0,1.0,False,
2026-02-05,spx-up-or-down-on-february-5-2026,2026-02-04T13:02:48.455021Z,2026-02-05T21:00:00Z,0.0,1.0,False,
2026-02-06,spx-up-or-down-on-february-6-2026,2026-02-05T13:02:47.401884Z,2026-02-06T21:00:00Z,1.0,0.0,False,
2026-02-09,spx-up-or-down-on-february-9-2026,2026-02-06T13:02:52.067085Z,2026-02-09T21:00:00Z,1.0,0.0,False,
2026-02-10,spx-up-or-down-on-february-10-2026,2026-02-09T13:02:37.760315Z,2026-02-10T21:00:00Z,0.0,1.0,False,
2026-02-11,spx-up-or-down-on-february-11-2026,2026-02-10T13:03:46.94627Z,2026-02-11T21:00:00Z,0.0,1.0,False,
2026-02-12,spx-up-or-down-on-february-12-2026,2026-02-11T13:03:32.773365Z,2026-02-12T21:00:00Z,0.0,1.0,False,
2026-02-13,spx-up-or-down-on-february-13-2026,2026-02-12T13:03:02.699113Z,2026-02-13T21:00:00Z,1.0,0.0,False,
2026-02-17,spx-up-or-down-on-february-17-2026,2026-02-13T13:02:39.357875Z,2026-02-17T21:00:00Z,1.0,0.0,False,
2026-02-18,spx-up-or-down-on-february-18-2026,2026-02-17T13:02:45.058784Z,2026-02-18T21:00:00Z,1.0,0.0,False,
2026-02-19,spx-up-or-down-on-february-19-2026,2026-02-18T13:03:26.746633Z,2026-02-19T21:00:00Z,0.0,1.0,False,
2026-02-20,spx-up-or-down-on-february-20-2026,2026-02-19T13:02:50.837679Z,2026-02-20T21:00:00Z,1.0,0.0,False,
2026-02-23,spx-up-or-down-on-february-23-2026,2026-02-20T13:03:35.596139Z,2026-02-23T21:00:00Z,0.0,1.0,False,
2026-02-24,spx-up-or-down-on-february-24-2026,2026-02-23T22:57:41.58317Z,2026-02-24T21:00:00Z,1.0,0.0,False,
2026-02-25,spx-up-or-down-on-february-25-2026,2026-02-24T13:03:27.375779Z,2026-02-25T21:00:00Z,1.0,0.0,False,
2026-02-26,spx-up-or-down-on-february-26-2026,2026-02-25T13:02:44.192896Z,2026-02-26T21:00:00Z,0.0,1.0,False,
2026-02-27,spx-up-or-down-on-february-27-2026,2026-02-26T13:03:44.11562Z,2026-02-27T21:00:00Z,0.0,1.0,False,
2026-03-02,spx-up-or-down-on-march-2-2026,2026-02-27T13:02:56.206488Z,2026-03-02T21:00:00Z,1.0,0.0,False,
2026-03-03,spx-up-or-down-on-march-3-2026,2026-03-02T13:03:28.772085Z,2026-03-03T21:00:00Z,0.0,1.0,False,
2026-03-04,spx-up-or-down-on-march-4-2026,2026-03-03T13:05:49.320903Z,2026-03-04T21:00:00Z,1.0,0.0,False,
2026-03-05,spx-up-or-down-on-march-5-2026,2026-03-04T13:02:28.607994Z,2026-03-05T21:00:00Z,0.0,1.0,False,
2026-03-06,spx-up-or-down-on-march-6-2026,2026-03-05T13:03:53.337369Z,2026-03-06T21:00:00Z,0.0,1.0,False,
2026-03-09,spx-up-or-down-on-march-9-2026,2026-03-06T13:03:11.517683Z,2026-03-09T20:00:00Z,1.0,0.0,False,
2026-03-10,spx-up-or-down-on-march-10-2026,2026-03-09T12:05:49.681252Z,2026-03-10T20:00:00Z,0.0,1.0,False,
2026-03-11,spx-up-or-down-on-march-11-2026,2026-03-10T12:02:36.960969Z,2026-03-11T20:00:00Z,0.0,1.0,False,
2026-03-12,spx-up-or-down-on-march-12-2026,2026-03-11T12:30:47.854281Z,2026-03-12T20:00:00Z,0.0,1.0,False,
2026-03-13,spx-up-or-down-on-march-13-2026,2026-03-12T12:02:25.002131Z,2026-03-13T20:00:00Z,0.0,1.0,False,
2026-03-16,spx-up-or-down-on-march-16-2026,2026-03-13T12:02:47.926894Z,2026-03-16T20:00:00Z,1.0,0.0,False,
2026-03-17,spx-up-or-down-on-march-17-2026,2026-03-16T12:06:16.899509Z,2026-03-17T20:00:00Z,1.0,0.0,False,
2026-03-18,spx-up-or-down-on-march-18-2026,2026-03-17T12:05:06.311468Z,2026-03-18T20:00:00Z,0.0,1.0,False,
2026-03-19,spx-up-or-down-on-march-19-2026,2026-03-18T12:02:33.958821Z,2026-03-19T20:00:00Z,0.0,1.0,False,
2026-03-20,spx-up-or-down-on-march-20-2026,2026-03-19T12:02:26.841664Z,2026-03-20T20:00:00Z,0.0,1.0,False,
2026-03-23,spx-up-or-down-on-march-23-2026,2026-03-20T12:02:39.815955Z,2026-03-23T20:00:00Z,1.0,0.0,False,
2026-03-24,spx-up-or-down-on-march-24-2026,2026-03-23T12:02:43.20806Z,2026-03-24T20:00:00Z,0.0,1.0,False,
2026-03-25,spx-up-or-down-on-march-25-2026,2026-03-24T12:04:33.258249Z,2026-03-25T20:00:00Z,1.0,0.0,False,
2026-03-26,spx-up-or-down-on-march-26-2026,2026-03-25T12:02:29.464136Z,2026-03-26T20:00:00Z,0.0,1.0,False,
2026-03-27,spx-up-or-down-on-march-27-2026,2026-03-26T12:03:31.389462Z,2026-03-27T20:00:00Z,0.0,1.0,False,
2026-03-30,spx-up-or-down-on-march-30-2026,2026-03-27T12:03:31.546799Z,2026-03-30T20:00:00Z,0.0,1.0,False,
2026-03-31,spx-up-or-down-on-march-31-2026,2026-03-30T12:02:44.221663Z,2026-03-31T20:00:00Z,1.0,0.0,False,
2026-04-01,spx-up-or-down-on-april-1-2026,2026-03-31T12:03:04.851377Z,2026-04-01T20:00:00Z,1.0,0.0,False,
2026-04-02,spx-up-or-down-on-april-2-2026,2026-04-01T12:03:48.195235Z,2026-04-02T20:00:00Z,1.0,0.0,False,
2026-04-06,spx-up-or-down-on-april-6-2026,2026-04-02T12:03:47.248845Z,2026-04-06T20:00:00Z,1.0,0.0,False,
2026-04-07,spx-up-or-down-on-april-7-2026,2026-04-06T12:03:19.455042Z,2026-04-07T20:00:00Z,1.0,0.0,False,
2026-04-08,spx-up-or-down-on-april-8-2026,2026-04-07T12:03:27.723005Z,2026-04-08T20:00:00Z,1.0,0.0,False,
2026-04-09,spx-up-or-down-on-april-9-2026,2026-04-08T12:03:30.302731Z,2026-04-09T20:00:00Z,1.0,0.0,False,
2026-04-10,spx-up-or-down-on-april-10-2026,2026-04-09T12:02:39.0424Z,2026-04-10T20:00:00Z,0.0,1.0,False,
2026-04-13,spx-up-or-down-on-april-13-2026,2026-04-10T12:02:27.369841Z,2026-04-13T20:00:00Z,1.0,0.0,False,
2026-04-14,spx-up-or-down-on-april-14-2026,2026-04-13T12:02:45.550099Z,2026-04-14T20:00:00Z,1.0,0.0,False,
2026-04-15,spx-up-or-down-on-april-15-2026,2026-04-14T12:04:15.409536Z,2026-04-15T20:00:00Z,1.0,0.0,False,
2026-04-16,spx-up-or-down-on-april-16-2026,2026-04-15T22:16:58.438727Z,2026-04-16T20:00:00Z,1.0,0.0,False,
2026-04-17,spx-up-or-down-on-april-17-2026,2026-04-16T12:11:49.566565Z,2026-04-17T20:00:00Z,1.0,0.0,False,
2026-04-20,spx-up-or-down-on-april-20-2026,2026-04-17T12:03:13.233697Z,2026-04-20T20:00:00Z,0.0,1.0,False,
2026-04-21,spx-up-or-down-on-april-21-2026,2026-04-20T12:12:09.901486Z,2026-04-21T20:00:00Z,0.0,1.0,False,
2026-04-22,spx-up-or-down-on-april-22-2026,2026-04-21T12:02:34.047738Z,2026-04-22T20:00:00Z,1.0,0.0,False,
2026-04-23,spx-up-or-down-on-april-23-2026,2026-04-22T12:05:34.612612Z,2026-04-23T20:00:00Z,0.0,1.0,False,
2026-04-24,spx-up-or-down-on-april-24-2026,2026-04-23T12:03:21.458861Z,2026-04-24T20:00:00Z,1.0,0.0,False,
2026-04-27,spx-up-or-down-on-april-27-2026,2026-04-24T12:06:38.341831Z,2026-04-27T20:00:00Z,1.0,0.0,False,
2026-04-28,spx-up-or-down-on-april-28-2026,2026-04-27T12:06:04.062566Z,2026-04-28T20:00:00Z,0.0,1.0,False,
2026-04-29,spx-up-or-down-on-april-29-2026,2026-04-28T17:17:55.368407Z,2026-04-29T20:00:00Z,0.0,1.0,False,
2026-04-30,spx-up-or-down-on-april-30-2026,2026-04-29T12:05:11.656506Z,2026-04-30T20:00:00Z,1.0,0.0,False,
2026-05-01,spx-up-or-down-on-may-1-2026,2026-04-30T12:03:01.998947Z,2026-05-01T20:00:00Z,1.0,0.0,False,
2026-05-04,spx-up-or-down-on-may-4-2026,2026-05-01T12:02:34.258177Z,2026-05-04T20:00:00Z,0.0,1.0,False,
2026-05-06,spx-up-or-down-on-may-6-2026,2026-05-05T12:02:32.638342Z,2026-05-06T20:00:00Z,1.0,0.0,False,
2026-05-07,spx-up-or-down-on-may-7-2026,2026-05-06T12:02:31.827382Z,2026-05-07T20:00:00Z,0.0,1.0,False,
2026-05-08,spx-up-or-down-on-may-8-2026,2026-05-07T12:05:47.034655Z,2026-05-08T20:00:00Z,1.0,0.0,False,
2026-05-11,spx-up-or-down-on-may-11-2026,2026-05-08T12:02:56.434931Z,2026-05-11T20:00:00Z,1.0,0.0,False,
2026-05-12,spx-up-or-down-on-may-12-2026,2026-05-11T12:05:58.30064Z,2026-05-12T20:00:00Z,0.0205,0.9795,False,
